<?xml version="1.0" encoding="UTF-8"?>
<configuration>
    <!-- https://github.com/spring-projects/spring-boot/blob/v1.5.13.RELEASE/spring-boot/src/main/resources/org/springframework/boot/logging/logback/defaults.xml -->
    <include resource="org/springframework/boot/logging/logback/defaults.xml" />

    <property name="ROOT_LOG_PATH" value="${user.home}/logs" />
    <property name="APP_NAME" value="brand-onebp" />
    <property name="LOG_PATH" value="${user.home}/${APP_NAME}/logs" />
    <property name="LOG_FILE" value="${LOG_PATH}/application.log" />

    <include resource="com/alibaba/abf/governance/logger/layout/abf-application.xml"/>
    <include resource="com/taobao/ad/bp/tools/channel/logger/layout/channel-task.xml"/>
    <include resource="com/alibaba/abf/logger/layout/abf-parallel-load.xml" />
    <include resource="com/alibaba/abf/log/abf_export_inject.xml" />

    <!-- 方法参数拦截器日志，用于测试验证 -->
    <appender name="METHOD-LOG"
              class="ch.qos.logback.core.rolling.RollingFileAppender">
        <file>${LOG_PATH}/method-interceptor.log</file>
        <encoder>
            <pattern>%d{yyyy-MM-dd HH:mm:ss.SSS}::%X{EAGLEEYE_TRACE_ID}::%X{EAGLEEYE_RPC_ID}::%thread::%msg%n</pattern>
        </encoder>
        <rollingPolicy class="ch.qos.logback.core.rolling.SizeAndTimeBasedRollingPolicy">
            <fileNamePattern>${LOG_PATH}/method-interceptor.log.%d{yyyy-MM-dd}.%i.log</fileNamePattern>
            <maxHistory>7</maxHistory>
            <maxFileSize>500MB</maxFileSize>
            <totalSizeCap>3GB</totalSizeCap>
        </rollingPolicy>
    </appender>

    <appender name="PROJECT"
              class="ch.qos.logback.core.rolling.RollingFileAppender">
        <file>${LOG_PATH}/brand-onebp.log</file>
        <encoder>
            <pattern>%X{EAGLEEYE_TRACE_ID}::%X{EAGLEEYE_RPC_ID}::%thread::${FILE_LOG_PATTERN}</pattern>
        </encoder>
        <rollingPolicy class="ch.qos.logback.core.rolling.SizeAndTimeBasedRollingPolicy">
            <fileNamePattern>${LOG_PATH}/brand-onebp.log.%d{yyyy-MM-dd}.%i.log</fileNamePattern>
            <maxHistory>7</maxHistory>
            <maxFileSize>500MB</maxFileSize>
            <totalSizeCap>3GB</totalSizeCap>
        </rollingPolicy>
    </appender>

    <appender name="PROJECT-ERROR"
              class="ch.qos.logback.core.rolling.RollingFileAppender">
        <file>${LOG_PATH}/brand-onebp-error.log</file>
        <filter class="ch.qos.logback.classic.filter.ThresholdFilter">
            <level>ERROR</level>
        </filter>
        <encoder>
            <pattern>%X{EAGLEEYE_TRACE_ID}::%X{EAGLEEYE_RPC_ID}::%thread::${FILE_LOG_PATTERN}</pattern>
        </encoder>
        <rollingPolicy class="ch.qos.logback.core.rolling.SizeAndTimeBasedRollingPolicy">
            <fileNamePattern>${LOG_PATH}/brand-onebp-error.log.%d{yyyy-MM-dd}.%i.log</fileNamePattern>
            <maxHistory>7</maxHistory>
            <maxFileSize>200MB</maxFileSize>
            <totalSizeCap>1GB</totalSizeCap>
        </rollingPolicy>
    </appender>

    <appender name="PROFILE-LOG" class="ch.qos.logback.core.rolling.RollingFileAppender">
        <file>${LOG_PATH}/brand-onebp-profile.log</file>
        <encoder>
            <pattern>[%d{yyyy-MM-dd HH:mm:ss,SSS}] - %m%n</pattern>
        </encoder>
        <rollingPolicy class="ch.qos.logback.core.rolling.SizeAndTimeBasedRollingPolicy">
            <fileNamePattern>${LOG_PATH}/brand-onebp-profile.log.%d{yyyy-MM-dd}.%i.log</fileNamePattern>
            <maxHistory>7</maxHistory>
            <maxFileSize>500MB</maxFileSize>
            <totalSizeCap>3GB</totalSizeCap>
        </rollingPolicy>
    </appender>

    <appender name="ABF-TRACE" class="ch.qos.logback.core.rolling.RollingFileAppender">
        <file>${LOG_PATH}/abf-trace.log</file>
        <encoder>
            <pattern>%msg%n</pattern>
        </encoder>
        <rollingPolicy class="ch.qos.logback.core.rolling.SizeAndTimeBasedRollingPolicy">
            <fileNamePattern>${LOG_PATH}/abf-trace.log.%d{yyyy-MM-dd}.%i.log</fileNamePattern>
            <maxHistory>7</maxHistory>
            <maxFileSize>500MB</maxFileSize>
            <totalSizeCap>2GB</totalSizeCap>
        </rollingPolicy>
    </appender>

    <appender name="ABF-LOG"
              class="ch.qos.logback.core.rolling.RollingFileAppender">
        <file>${LOG_PATH}/abf.log</file>
        <encoder>
            <pattern>%X{EAGLEEYE_TRACE_ID}::%X{EAGLEEYE_RPC_ID}::%thread::${FILE_LOG_PATTERN}</pattern>
        </encoder>
        <rollingPolicy class="ch.qos.logback.core.rolling.SizeAndTimeBasedRollingPolicy">
            <fileNamePattern>${LOG_PATH}/abf.log.%d{yyyy-MM-dd}.%i.log</fileNamePattern>
            <maxHistory>7</maxHistory>
            <maxFileSize>500MB</maxFileSize>
            <totalSizeCap>2GB</totalSizeCap>
        </rollingPolicy>
    </appender>

    <appender name="ABF-PROFILE" class="ch.qos.logback.core.rolling.RollingFileAppender">
        <file>${LOG_PATH}/abf-profile.log</file>
        <encoder>
            <pattern>%msg%n</pattern>
        </encoder>
        <rollingPolicy class="ch.qos.logback.core.rolling.SizeAndTimeBasedRollingPolicy">
            <fileNamePattern>${LOG_PATH}/abf-profile.log.%d{yyyy-MM-dd}.%i.log</fileNamePattern>
            <maxHistory>7</maxHistory>
            <maxFileSize>500MB</maxFileSize>
            <totalSizeCap>3GB</totalSizeCap>
        </rollingPolicy>
    </appender>

    <appender name="ABF-ACCESS" class="ch.qos.logback.core.rolling.RollingFileAppender">
        <file>${LOG_PATH}/abf-access.log</file>
        <encoder class="ch.qos.logback.classic.encoder.PatternLayoutEncoder">
            <pattern>
                %m%n
            </pattern>
        </encoder>
        <rollingPolicy class="ch.qos.logback.core.rolling.SizeAndTimeBasedRollingPolicy">
            <fileNamePattern>${LOG_PATH}/abf-access.log.%d{yyyy-MM-dd}.%i.log</fileNamePattern>
            <maxHistory>7</maxHistory>
            <maxFileSize>200MB</maxFileSize>
            <totalSizeCap>2GB</totalSizeCap>
        </rollingPolicy>
    </appender>

    <appender name="CONSOLE" class="ch.qos.logback.core.ConsoleAppender">
        <encoder>
            <pattern>${FILE_LOG_PATTERN}</pattern>
            <charset>utf8</charset>
        </encoder>
    </appender>

    <!--内容供应商上传excel结案前链数据-->
    <appender name="CONTENT-SUPPLIER-FINAL-DATA" class="ch.qos.logback.core.rolling.RollingFileAppender">
        <file>${LOG_PATH}/content-supplier-final-data.log</file>
        <encoder class="ch.qos.logback.classic.encoder.PatternLayoutEncoder">
            <pattern>
                %m%n
            </pattern>
        </encoder>
        <rollingPolicy class="ch.qos.logback.core.rolling.SizeAndTimeBasedRollingPolicy">
            <fileNamePattern>${LOG_PATH}/content-supplier-final-data.log.%d{yyyy-MM-dd}.%i.log</fileNamePattern>
            <maxHistory>7</maxHistory>
            <maxFileSize>200MB</maxFileSize>
            <totalSizeCap>2GB</totalSizeCap>
        </rollingPolicy>
    </appender>

    <!-- TPP框架日志   -->
    <appender name="com.alibaba.ad.nb.tpp.core.threadpool.ThreadPoolMetrics" class="ch.qos.logback.core.rolling.RollingFileAppender">
        <file>${ROOT_LOG_PATH}/tpp/tpp-metrics.log</file>
        <encoder>
            <pattern>%d{yyyy-MM-dd HH:mm:ss, CTT} - %m%n</pattern>
        </encoder>
        <rollingPolicy class="ch.qos.logback.core.rolling.SizeAndTimeBasedRollingPolicy">
            <fileNamePattern>${ROOT_LOG_PATH}/tpp/tpp-metrics.log.%d{yyyy-MM-dd}.%i.log</fileNamePattern>
            <maxHistory>10</maxHistory>
            <maxFileSize>500MB</maxFileSize>
            <totalSizeCap>5GB</totalSizeCap>
        </rollingPolicy>
    </appender>

    <logger name="METHOD-LOG" additivity="false">
        <level value="INFO"/>
        <appender-ref ref="METHOD-LOG"/>
    </logger>

    <logger name="ABF-TRACE" additivity="false">
        <level value="INFO"/>
        <appender-ref ref="ABF-TRACE"/>
    </logger>

    <logger name="ABF-PROFILE" additivity="false">
        <level value="INFO"/>
        <appender-ref ref="ABF-PROFILE"/>
    </logger>

    <logger name="com.alibaba.hermes.framework" additivity="false">
        <level value="INFO "/>
        <appender-ref ref="ABF-LOG"/>
    </logger>

    <logger name="ABF-ACCESS" additivity="false">
        <level value="INFO"/>
        <appender-ref ref="ABF-ACCESS"/>
    </logger>

    <logger name="ABF-EXPORT-INJECT" additivity="false">
        <level value="INFO"/>
        <appender-ref ref="ABF-EXPORT-INJECT"/>
    </logger>

    <logger name="CONTENT-SUPPLIER-FINAL-DATA" additivity="false">
        <level value="INFO"/>
        <appender-ref ref="CONTENT-SUPPLIER-FINAL-DATA"/>
    </logger>

    <logger name="com.alibaba.ad.nb.tpp.core.threadpool.ThreadPoolMetrics" additivity="false">
        <level value="INFO"/>
        <appender-ref ref="com.alibaba.ad.nb.tpp.core.threadpool.ThreadPoolMetrics"/>
    </logger>

    <root level="INFO">
        <appender-ref ref="PROJECT" />
        <appender-ref ref="PROJECT-ERROR" />
        <appender-ref ref="ABF-APPLICATION"/>
        <appender-ref ref="PARALLEL-LOAD" />
    </root>
</configuration>