<?xml version="1.0" encoding="UTF-8"?>
<project xsi:schemaLocation="http://maven.apache.org/POM/4.0.0 https://maven.apache.org/xsd/maven-4.0.0.xsd" xmlns="http://maven.apache.org/POM/4.0.0"
    xmlns:xsi="http://www.w3.org/2001/XMLSchema-instance">
  <modelVersion>4.0.0</modelVersion>
  <parent>
    <groupId>com.taobao.ad.brand.bp</groupId>
    <artifactId>brand-onebp</artifactId>
    <version>1.2.71</version>
  </parent>
  <groupId>com.taobao.ad.brand.bp</groupId>
  <artifactId>brand-onebp-properties</artifactId>
  <version>1.2.71</version>
  <name>brand-onebp-properties</name>
</project>
