<?xml version="1.0" encoding="UTF-8"?>
<project xsi:schemaLocation="http://maven.apache.org/POM/4.0.0 https://maven.apache.org/xsd/maven-4.0.0.xsd" xmlns="http://maven.apache.org/POM/4.0.0"
    xmlns:xsi="http://www.w3.org/2001/XMLSchema-instance">
  <modelVersion>4.0.0</modelVersion>
  <parent>
    <groupId>com.taobao.ad.brand.bp</groupId>
    <artifactId>brand-onebp</artifactId>
    <version>1.2.71</version>
  </parent>
  <groupId>com.taobao.ad.brand.bp</groupId>
  <artifactId>brand-onebp-starter</artifactId>
  <version>1.2.71</version>
  <name>brand-onebp-starter</name>
  <dependencies>
    <dependency>
      <groupId>com.taobao.pandora</groupId>
      <artifactId>taobao-hsf.sar</artifactId>
      <exclusions>
        <exclusion>
          <groupId>com.taobao.pandora.plugin</groupId>
          <artifactId>sentinel</artifactId>
        </exclusion>
      </exclusions>
    </dependency>
    <dependency>
      <groupId>org.springframework.boot</groupId>
      <artifactId>spring-boot-starter</artifactId>
      <exclusions>
        <exclusion>
          <groupId>org.springframework.boot</groupId>
          <artifactId>spring-boot-starter-actuator</artifactId>
        </exclusion>
      </exclusions>
    </dependency>
    <dependency>
      <groupId>com.taobao.pandora</groupId>
      <artifactId>pandora-boot-starter</artifactId>
      <exclusions>
        <exclusion>
          <groupId>com.taobao.pandora.plugin</groupId>
          <artifactId>sentinel</artifactId>
        </exclusion>
      </exclusions>
    </dependency>
    <dependency>
      <groupId>org.springframework.boot</groupId>
      <artifactId>spring-boot-starter-web</artifactId>
    </dependency>
    <dependency>
      <groupId>com.alibaba.boot</groupId>
      <artifactId>pandora-hsf-spring-boot-autoconfigure</artifactId>
    </dependency>
    <dependency>
      <groupId>org.springframework.boot</groupId>
      <artifactId>spring-boot-starter-actuator</artifactId>
    </dependency>
    <dependency>
      <groupId>com.alibaba.abf</groupId>
      <artifactId>spring-boot-starter-abf</artifactId>
    </dependency>
    <dependency>
      <groupId>com.alibaba.hermes.framework</groupId>
      <artifactId>spring-boot-starter-hermes</artifactId>
    </dependency>
    <dependency>
      <groupId>com.alibaba.boot</groupId>
      <artifactId>pandora-eagleeye-spring-boot-starter</artifactId>
    </dependency>
    <dependency>
      <groupId>com.alibaba.boot</groupId>
      <artifactId>pandora-tddl-spring-boot-starter</artifactId>
    </dependency>
    <dependency>
      <groupId>com.alimama.checkchain</groupId>
      <artifactId>roger-client-hermes</artifactId>
    </dependency>
    <dependency>
      <groupId>com.alimama.checkchain</groupId>
      <artifactId>roger-client-internal</artifactId>
    </dependency>
    <dependency>
      <groupId>com.alimama.checkchain</groupId>
      <artifactId>roger-client-agent</artifactId>
    </dependency>
    <dependency>
      <groupId>com.alimama.checkchain</groupId>
      <artifactId>spring-boot-starter-roger-mw</artifactId>
    </dependency>
    <dependency>
      <groupId>com.alimama.checkchain</groupId>
      <artifactId>spring-boot-starter-roger-abf</artifactId>
    </dependency>
    <dependency>
      <groupId>org.slf4j</groupId>
      <artifactId>jcl-over-slf4j</artifactId>
    </dependency>
    <dependency>
      <groupId>ch.qos.logback</groupId>
      <artifactId>logback-classic</artifactId>
    </dependency>
    <dependency>
      <groupId>ch.qos.logback</groupId>
      <artifactId>logback-core</artifactId>
    </dependency>
    <dependency>
      <groupId>com.alibaba.ad.brand</groupId>
      <artifactId>ad-brandCapability-sdk</artifactId>
    </dependency>
    <dependency>
      <groupId>com.taobao.ad.brand.bp</groupId>
      <artifactId>brand-onebp-app</artifactId>
    </dependency>
    <dependency>
      <groupId>com.alibaba.abf</groupId>
      <artifactId>abf-arb-agent</artifactId>
    </dependency>
    <dependency>
      <groupId>com.alibaba.normandy.credential</groupId>
      <artifactId>normandy-credential-spring-boot-starter</artifactId>
    </dependency>
    <dependency>
      <groupId>com.ali.luna</groupId>
      <artifactId>commons</artifactId>
    </dependency>
    <dependency>
      <groupId>com.alibaba.toolkit.common</groupId>
      <artifactId>toolkit-common-lang</artifactId>
    </dependency>
    <dependency>
      <groupId>com.taobao.tair</groupId>
      <artifactId>tair-mc-client</artifactId>
    </dependency>
    <dependency>
      <groupId>com.alibaba.ad.nb</groupId>
      <artifactId>thread-pool-patron-core</artifactId>
    </dependency>
    <dependency>
      <groupId>com.alibaba.aladdin</groupId>
      <artifactId>ald-lamp-client</artifactId>
    </dependency>
    <dependency>
      <groupId>com.taobao.common.uic.uic-common</groupId>
      <artifactId>uic-client-starter</artifactId>
    </dependency>
  </dependencies>
  <build>
    <resources>
      <resource>
        <directory>src/main/java</directory>
        <excludes>
          <exclude>**/*.java</exclude>
        </excludes>
      </resource>
      <resource>
        <filtering>true</filtering>
        <directory>src/main/resources</directory>
      </resource>
    </resources>
    <finalName>brand-onebp</finalName>
    <filters>
      <filter>${props}.properties</filter>
    </filters>
    <plugins>
      <plugin>
        <groupId>com.taobao.pandora</groupId>
        <artifactId>pandora-boot-maven-plugin</artifactId>
        <executions>
          <execution>
            <phase>package</phase>
            <goals>
              <goal>repackage</goal>
            </goals>
          </execution>
        </executions>
      </plugin>
      <plugin>
        <artifactId>maven-antrun-plugin</artifactId>
        <executions>
          <execution>
            <phase>package</phase>
            <goals>
              <goal>run</goal>
            </goals>
            <configuration>
              <tasks>
                <unzip src="${project.build.directory}/${project.build.finalName}.${project.packaging}" dest="${project.build.directory}/brand-onebp" />
              </tasks>
            </configuration>
          </execution>
        </executions>
      </plugin>
      <plugin>
        <artifactId>maven-compiler-plugin</artifactId>
        <configuration>
          <source>1.8</source>
          <target>1.8</target>
          <encoding>UTF-8</encoding>
        </configuration>
      </plugin>
      <plugin>
        <artifactId>maven-resources-plugin</artifactId>
        <version>2.6</version>
        <configuration>
          <encoding>UTF-8</encoding>
        </configuration>
      </plugin>
    </plugins>
  </build>
  <profiles>
    <profile>
      <activation>
        <activeByDefault>true</activeByDefault>
      </activation>
      <properties>
        <dependency.version.ext>-SNAPSHOT</dependency.version.ext>
        <props>../brand-onebp-properties/brand_onebp_dev</props>
      </properties>
    </profile>
    <profile>
      <id>daily</id>
      <properties>
        <dependency.version.ext>-SNAPSHOT</dependency.version.ext>
        <props>../brand-onebp-properties/brand_onebp_daily</props>
      </properties>
    </profile>
    <profile>
      <id>project</id>
      <properties>
        <dependency.version.ext>-SNAPSHOT</dependency.version.ext>
        <props>../brand-onebp-properties/brand_onebp_project</props>
      </properties>
    </profile>
    <profile>
      <id>prepub</id>
      <properties>
        <dependency.version.ext></dependency.version.ext>
        <props>../brand-onebp-properties/brand_onebp_prepub</props>
      </properties>
    </profile>
    <profile>
      <id>staging1</id>
      <properties>
        <dependency.version.ext></dependency.version.ext>
        <props>../brand-onebp-properties/brand_onebp_staging1</props>
      </properties>
    </profile>
    <profile>
      <id>staging2</id>
      <properties>
        <dependency.version.ext></dependency.version.ext>
        <props>../brand-onebp-properties/brand_onebp_staging2</props>
      </properties>
    </profile>
    <profile>
      <id>staging3</id>
      <properties>
        <dependency.version.ext></dependency.version.ext>
        <props>../brand-onebp-properties/brand_onebp_staging3</props>
      </properties>
    </profile>
    <profile>
      <id>staging4</id>
      <properties>
        <dependency.version.ext></dependency.version.ext>
        <props>../brand-onebp-properties/brand_onebp_staging4</props>
      </properties>
    </profile>
    <profile>
      <id>staging5</id>
      <properties>
        <dependency.version.ext></dependency.version.ext>
        <props>../brand-onebp-properties/brand_onebp_staging5</props>
      </properties>
    </profile>
    <profile>
      <id>staging6</id>
      <properties>
        <dependency.version.ext></dependency.version.ext>
        <props>../brand-onebp-properties/brand_onebp_staging6</props>
      </properties>
    </profile>
    <profile>
      <id>staging7</id>
      <properties>
        <dependency.version.ext></dependency.version.ext>
        <props>../brand-onebp-properties/brand_onebp_staging7</props>
      </properties>
    </profile>
    <profile>
      <id>staging8</id>
      <properties>
        <dependency.version.ext></dependency.version.ext>
        <props>../brand-onebp-properties/brand_onebp_staging8</props>
      </properties>
    </profile>
    <profile>
      <id>staging9</id>
      <properties>
        <dependency.version.ext></dependency.version.ext>
        <props>../brand-onebp-properties/brand_onebp_staging9</props>
      </properties>
    </profile>
    <profile>
      <id>staging10</id>
      <properties>
        <dependency.version.ext></dependency.version.ext>
        <props>../brand-onebp-properties/brand_onebp_staging10</props>
      </properties>
    </profile>
    <profile>
      <id>staging11</id>
      <properties>
        <dependency.version.ext></dependency.version.ext>
        <props>../brand-onebp-properties/brand_onebp_staging11</props>
      </properties>
    </profile>
    <profile>
      <id>gray</id>
      <properties>
        <dependency.version.ext></dependency.version.ext>
        <props>../brand-onebp-properties/brand_onebp_real</props>
      </properties>
    </profile>
    <profile>
      <id>publish</id>
      <properties>
        <dependency.version.ext></dependency.version.ext>
        <props>../brand-onebp-properties/brand_onebp_real</props>
      </properties>
    </profile>
    <profile>
      <id>publish-backend</id>
      <properties>
        <dependency.version.ext></dependency.version.ext>
        <props>../brand-onebp-properties/brand_onebp_real_backend</props>
      </properties>
    </profile>
  </profiles>
</project>
